Haplotype	NW inner	E inner	E outer	NW outer	E oceanic	NE oceanic	NW Oceanic
GTtr18	2	0	0	0	0	0	0
GTtr19	6	17	0	0	0	0	0
GTtr20	0	18	2	0	0	0	0
GTtr21	0	1	0	0	0	0	0
GTtr24	1	0	0	0	0	0	0
GTtr26	5	1	0	0	0	0	0
GTtr27	0	2	0	0	0	0	0
GTtr30	1	0	0	0	0	0	0
GTtr45	2	1	0	0	0	0	0
GTtr46	24	0	0	0	0	0	0
GTtr47	1	0	1	0	0	0	0
GTtr48	28	0	0	0	0	0	0
GTtr50	0	0	1	0	0	0	0
GTtr59	1	0	0	0	0	0	0
GTtr60	0	0	1	0	0	0	0
GTtr61	1	0	0	0	0	0	0
GTtr62	1	0	0	0	0	0	0
Ttr1	2	0	0	0	0	0	0
Ttr2	61	6	1	3	0	0	0
Ttr15	11	6	1	5	0	0	0
Ttr16	22	13	1	0	0	0	0
Ttr42	0	1	3	0	0	0	0
21Tt023hpl	1	0	0	0	0	0	0
8Tt132hpl	0	0	1	0	0	0	0
8Tt182hpl	1	0	0	0	0	0	0
8Tt210hpl	2	0	0	0	0	0	0
8Tt294hpl	1	0	0	0	0	0	0
8Tt328hpl	1	0	0	0	0	0	0
8Tt338hpl	1	0	0	0	0	0	0
8Tt349hpl	1	0	0	0	0	0	0
8Tt364hpl	0	0	0	1	0	0	0
8Tt381hpl	1	0	0	0	0	0	0
8Tt388hpl	1	0	0	0	0	0	0
8Tt462hpl	1	0	0	0	0	0	0
8Tt463hpl	1	0	0	0	0	0	0
8Tt473hpl	0	0	0	1	0	0	0
OTtr1	0	0	0	9	27	30	7
OTtr2	0	0	0	0	1	0	0
OTtr3	0	1	12	1	0	0	0
OTtr4	0	1	6	37	0	0	0
OTtr7	0	0	0	0	4	8	2
OTtr9	0	0	1	0	0	0	4
OTtr11	0	0	0	0	1	0	0
OTtr12	0	0	0	0	2	0	0
OTtr15	0	0	0	0	12	0	0
OTtr21	0	11	0	0	0	0	0
OTtr24	0	0	1	3	0	0	0
OTtr30	0	0	3	5	2	10	13
OTtr32	0	0	0	14	0	1	0
OTtr33	0	0	0	0	1	0	0
OTtr37	0	0	0	1	0	13	0
OTtr41	0	2	0	0	0	0	0
OTtr57	0	0	0	0	1	0	0
OTtr59	0	0	0	0	0	2	0
OTtr61	0	0	0	0	0	3	8
OTtr62	0	0	0	0	0	1	0
OTtr63	0	0	0	0	0	0	8
OTtr64	0	0	0	0	0	0	1
OTtr65	0	0	0	0	1	0	0
OTtr66	0	0	0	0	0	0	1
OTtr67	0	0	0	0	1	0	0
OTtr69	0	1	0	0	0	0	0
OTtr71	0	0	1	0	0	0	0
OTtr72	0	0	0	1	0	0	0
OTtr76	0	0	1	4	0	0	0
OTtr77	0	0	0	2	0	0	0
7Tt395hpl	0	0	0	0	1	0	0
8Tt069hpl	0	0	0	0	0	1	0
8Tt089hpl	0	0	0	1	0	0	0
8Tt274hpl	0	0	0	1	0	0	0
8Tt302hpl	0	0	0	0	0	0	2
8Tt325hpl	0	0	0	1	0	0	0
8Tt419hpl	0	0	1	0	0	0	0
